method,masked_mae_mean,masked_rmse_mean,runs
RePAC,0.34398953815904565,0.45942823124556537,36
GenericAdapter,0.3620152066128228,0.48304067854100313,36


